{
    "sysyy": 0.8362818220279664,
    "zzebd": true,
    "hipod": 0.6104501807215631,
    "ewhhs": 0.9078004268592205,
    "ezwry": 57
}